{
  "$schema": "https://schema.management.azure.com/schemas/2015-01-01/deploymentTemplate.json#",
  "contentVersion": "1.0.0.0",
  "parameters": {
    "namePrefix": {
      "type": "string"
    },
    "domainName": {
      "type": "string"
    },
    "adminUsername": {
      "type": "string"
    },
    "adminPassword": {
      "type": "securestring"
    },
    "sqlServerServiceAccountUserName": {
      "type": "string"
    },
    "sqlServerServiceAccountPassword": {
      "type": "securestring"
    },
    "storageAccountType": {
      "type": "string",
      "defaultValue": "Premium_LRS",
      "allowedValues": [
        "Standard_LRS",
        "Standard_GRS",
        "Standard_RAGRS",
        "Standard_ZRS",
        "Premium_LRS"
      ]
    },
    "witnessstorageAccountType": {
      "type": "string",
      "defaultValue": "Standard_LRS",
      "allowedValues": [
        "Standard_LRS",
        "Standard_GRS",
        "Standard_RAGRS",
        "Standard_ZRS",
        "Premium_LRS"
      ]
    },
    "sqlLBIPAddress": {
      "type": "string",
      "metadata": {
        "description": "IP address of ILB for the SQL Server AlwaysOn listener to be created"
      },
      "defaultValue": "10.192.0.111"
    },
    "sqlVMSize": {
      "type": "string"
    },
    "sqlWitnessVMSize": {
      "type": "string"
    },
    "existingVirtualNetworkRGName": {
      "type": "string",
      "metadata": {
        "description": "Resource Group Name for the existing VNET."
      }
    },
    "existingVirtualNetworkName": {
      "type": "string",
      "metadata": {
        "description": "Name of the existing VNET."
      }
    },
    "existingSubnetName": {
      "type": "string",
      "defaultValue": "SubNET01",
      "metadata": {
        "description": "Name of the existing subnets in the existing VNET to which the SQL Server VMs should be deployed"
      }
    },
    "artifactsLocationPrefix": {
      "type": "string",
      "defaultValue": "https://raw.githubusercontent.com/bestrepo/assets/master/"
    },
    "windowsImagePublisher": {
      "type": "string",
      "defaultValue": "MicrosoftSQLServer"
    },
    "windowsImageOffer": {
      "type": "string",
      "allowedValues": [
        "SQL2016SP1-WS2016",
        "SQL2016SP1-WS2016-BYOL"
      ],
      "metadata": {
        "description": "The Sql Server Version"
      },
      "defaultValue": "SQL2016SP1-WS2016"
    },
    "windowsImageSKU": {
      "type": "string",
      "defaultValue": "Enterprise"
    },
    "windowsImageVersion": {
      "type": "string",
      "defaultValue": "latest"
    }
  },
  "variables": {
    "subnetRef": "[concat(variables('vnetId'), '/subnets/', parameters('existingSubnetName'))]",
    "vnetID": "[resourceId(parameters('existingVirtualNetworkRGName'), 'Microsoft.Network/virtualNetworks', parameters('existingVirtualNetworkName'))]",
    "apiVersionStorage": "2015-06-15",
    "sqlDiskSize": 1000,
    "sqlWitnessDiskSize": 128,
    "sqlNamePrefix": "[concat(parameters('namePrefix'),'-sql-')]",
    "sqlAvailabilitySetName": "[concat(variables('sqlNamePrefix'),'as')]",
    "sqlLBName": "[concat(variables('sqlNamePrefix'),'ilb')]",
    "sqllbID": "[resourceId('Microsoft.Network/loadBalancers',variables('sqlLBName'))]",
    "lbFE1": "[concat(variables('sqlNamePrefix'),'ilbfe1')]",
    "lbBE": "[concat(variables('sqlNamePrefix'),'ilbbe')]",
    "sqlLBID": "[resourceId('Microsoft.Network/loadBalancers',variables('sqlLBName'))]",
    "sqlLBFEConfigID1": "[concat(variables('sqllbID'),'/frontendIPConfigurations/',variables('lbFE1'))]",
    "sqlLBBEAddressPoolID": "[concat(variables('sqllbID'),'/backendAddressPools/',variables('lbBE'))]",
    "sqlAOProbe1": "[concat(variables('sqlNamePrefix'),'ilbp1')]",
    "sqlLBProbeID1": "[concat(variables('sqllbID'),'/probes/',variables('sqlAOProbe1'))]",
    "sqlStorageAccountPrefix": "[concat(parameters('namePrefix'),take(uniqueString(resourceGroup().id),8),'sql')]",
    "sqlWitnessStorageAccountName": "[concat(parameters('namePrefix'),take(uniqueString(resourceGroup().id),8),'wit')]",
    "vmContainerName": "vhds",
    "deploySqlWitnessShare": "deploySqlWitnessShare",
    "deploySqlWitnessShareId": "[concat('Microsoft.Resources/deployments/', variables('deploySqlWitnessShare'))]",
    "deploySqlWitnessShareTemplateUrl": "[concat(parameters('artifactsLocationPrefix'),'/nested/deploy-sql-witness.json')]",
    "sqlWitnessSharePath": "[concat(parameters('namePrefix'),'-fsw')]",
    "sqlWitnessVMName": "[concat(variables('sqlNamePrefix'),'w')]",
    "deploySqlAlwaysOn": "deploySqlAlwaysOn",
    "deploySqlAlwaysOnTemplateUrl": "[concat(parameters('artifactsLocationPrefix'),'/nested/deploy-sql-alwayson.json')]",
    "sqlAOEPName": "[concat(parameters('namePrefix'),'-agep')]",
    "sqlAOAGName1": "[concat(parameters('namePrefix'),'-ag1')]",
    "sqlAOListener1": "[concat(parameters('namePrefix'),'-agl1')]"
  },
  "resources": [
    {
      "type": "Microsoft.Compute/availabilitySets",
      "name": "[variables('sqlAvailabilitySetName')]",
      "apiVersion": "2016-04-30-preview",
      "location": "[resourceGroup().location]",
      "properties": {
        "platformFaultDomainCount": 3,
        "platformUpdateDomainCount": 20,
        "managed": "true"
      }
    },
    {
      "type": "Microsoft.Storage/storageAccounts",
      "name": "[concat(variables('sqlStorageAccountPrefix'), copyindex())]",
      "apiVersion": "2015-06-15",
      "copy": {
        "name": "storageAccountLoop",
        "count": 2
      },
      "location": "[resourceGroup().location]",
      "properties": {
        "accountType": "[parameters('storageAccountType')]"
      }
    },
    {
      "type": "Microsoft.Storage/storageAccounts",
      "name": "[variables('sqlWitnessStorageAccountName')]",
      "apiVersion": "2015-06-15",
      "location": "[resourceGroup().location]",
      "properties": {
        "accountType": "[parameters('witnessstorageAccountType')]"
      }
    },
    {
      "apiVersion": "2015-06-15",
      "name": "[variables('sqlLBName')]",
      "type": "Microsoft.Network/loadBalancers",
      "location": "[resourceGroup().location]",
      "dependsOn": [],
      "properties": {
        "frontendIPConfigurations": [
          {
            "name": "[variables('lbFE1')]",
            "properties": {
              "privateIPAllocationMethod": "Static",
              "privateIPAddress": "[parameters('sqlLBIPAddress')]",
              "subnet": {
                "id": "[variables('subnetRef')]"
              }
            }
          }
        ],
        "backendAddressPools": [
          {
            "name": "[variables('lbBE')]"
          }
        ],
        "loadBalancingRules": [
          {
            "name": "[variables('sqlAOListener1')]",
            "properties": {
              "frontendIPConfiguration": {
                "id": "[variables('sqlLBFEConfigID1')]"
              },
              "backendAddressPool": {
                "id": "[variables('sqlLBBEAddressPoolID')]"
              },
              "probe": {
                "id": "[variables('sqlLBProbeID1')]"
              },
              "protocol": "Tcp",
              "frontendPort": 1433,
              "backendPort": 1433,
              "enableFloatingIP": true
            }
          }
        ],
        "probes": [
          {
            "name": "[variables('sqlAOProbe1')]",
            "properties": {
              "protocol": "Tcp",
              "port": 59999,
              "intervalInSeconds": 5,
              "numberOfProbes": 2
            }
          }
        ]
      }
    },
    {
      "name": "[concat(variables('sqlNamePrefix'), copyindex(), '-nic')]",
      "type": "Microsoft.Network/networkInterfaces",
      "location": "[resourceGroup().location]",
      "apiVersion": "2015-06-15",
      "copy": {
        "name": "nicLoop",
        "count": 2
      },
      "dependsOn": [
        "[variables('sqlLBID')]"
      ],
      "properties": {
        "ipConfigurations": [
          {
            "name": "ipconfig1",
            "properties": {
              "privateIPAllocationMethod": "Dynamic",
              "subnet": {
                "id": "[variables('subnetRef')]"
              },
              "loadBalancerBackendAddressPools": [
                {
                  "id": "[variables('sqlLBBEAddressPoolID')]"
                }
              ]
            }
          }
        ]
      }
    },
    {
      "apiVersion": "2016-04-30-preview",
      "type": "Microsoft.Compute/virtualMachines",
      "name": "[concat(variables('sqlNamePrefix'), copyindex())]",
      "location": "[resourceGroup().location]",
      "copy": {
        "name": "virtualMachineLoop",
        "count": 2
      },
      "dependsOn": [
        "[resourceId('Microsoft.Storage/storageAccounts',concat(variables('sqlStorageAccountPrefix'),  copyindex()))]",
        "[resourceId('Microsoft.Network/networkInterfaces',concat(variables('sqlNamePrefix'), copyindex(), '-nic'))]",
        "[resourceId('Microsoft.Compute/availabilitySets', variables('sqlAvailabilitySetName'))]"
      ],
      "properties": {
        "hardwareProfile": {
          "vmSize": "[parameters('SqlVMSize')]"
        },
        "availabilitySet": {
          "id": "[resourceId('Microsoft.Compute/availabilitySets', variables('sqlAvailabilitySetName'))]"
        },
        "osProfile": {
          "computerName": "[concat(variables('sqlNamePrefix'), copyindex())]",
          "adminUsername": "[parameters('adminUsername')]",
          "adminPassword": "[parameters('adminPassword')]",
          "windowsConfiguration": {
            "provisionVmAgent": "true"
          }
        },
        "storageProfile": {
          "imageReference": {
            "publisher": "[parameters('windowsImagePublisher')]",
            "offer": "[parameters('windowsImageOffer')]",
            "sku": "[parameters('windowsImageSKU')]",
            "version": "[parameters('windowsImageVersion')]"
          },
          "osDisk": {
            "createOption": "FromImage",
            "managedDisk": {
              "storageAccountType": "[parameters('storageAccountType')]"
            }
          },
          "dataDisks": [
            {
              "createOption": "Empty",
              "lun": 2,
              "diskSizeGB": 127,
              "caching": "ReadOnly",
              "managedDisk": {
                "storageAccountType": "[parameters('storageAccountType')]"
              }
            },
            {
              "createOption": "Empty",
              "lun": 3,
              "diskSizeGB": 127,
              "caching": "ReadOnly",
              "managedDisk": {
                "storageAccountType": "[parameters('storageAccountType')]"
              }
            }
          ]
        },
        "networkProfile": {
          "networkInterfaces": [
            {
              "id": "[resourceId('Microsoft.Network/networkInterfaces',concat(variables('sqlNamePrefix'), copyindex(), '-nic'))]"
            }
          ]
        }
      }
    },
    {
      "name": "[concat(variables('sqlNamePrefix'),copyindex(),'/SqlIaasExtension')]",
      "type": "Microsoft.Compute/virtualMachines/extensions",
      "apiVersion": "2016-03-30",
      "location": "[resourceGroup().location]",
      "copy": {
        "name": "SqlIaasExtensionLoop",
        "count": 2
      },
      "dependsOn": [
        "[resourceId('Microsoft.Compute/virtualMachines', concat(variables('sqlNamePrefix'), copyindex()))]"
      ],
      "properties": {
        "type": "SqlIaaSAgent",
        "publisher": "Microsoft.SqlServer.Management",
        "typeHandlerVersion": "1.2",
        "autoUpgradeMinorVersion": false,
        "settings": {
          "AutoTelemetrySettings": {
            "Region": "[resourceGroup().location]"
          },
          "AutoPatchingSettings": {
            "PatchCategory": "WindowsMandatoryUpdates",
            "Enable": false
          },
          "AutoBackupSettings": {
            "Enable": false
          },
          "KeyVaultCredentialSettings": {
            "Enable": false
          },
          "ServerConfigurationsManagementSettings": {
            "SQLConnectivityUpdateSettings": {
              "ConnectivityType": "Private",
              "Port": 1433
            }
          }
        }
      }
    },
    {
      "type": "Microsoft.Compute/virtualMachines/extensions",
      "name": "[concat(variables('sqlNamePrefix'),copyindex(1),'/sql-alwayson')]",
      "apiVersion": "2016-03-30",
      "location": "[resourceGroup().location]",
      "dependsOn": [
        "[resourceId('Microsoft.Compute/virtualMachines/extensions', concat(variables('sqlNamePrefix'), copyIndex(1)), 'SqlIaasExtension')]"
      ],
      "copy": {
        "name": "virtualMachineExtensionLoop",
        "count": 1
      },
      "properties": {
        "publisher": "Microsoft.Powershell",
        "type": "DSC",
        "typeHandlerVersion": "2.20",
        "autoUpgradeMinorVersion": true,
        "settings": {
          "configuration": {
            "url": "[concat(parameters('artifactsLocationPrefix'), 'DSC/sql-alwayson.zip')]",
            "script": "sql-alwayson.ps1",
            "function": "sql-secondary"
          },
          "configurationArguments": {
            "deploymentPrefix": "[parameters('namePrefix')]",
            "domainName": "[parameters('domainName')]",
            "clusterIp": "[reference(concat(variables('sqlNamePrefix'),'0-nic')).ipConfigurations[0].properties.privateIPAddress]"
          }
        },
        "protectedSettings": {
          "configurationArguments": {
            "adminCreds": {
              "userName": "[parameters('adminUsername')]",
              "password": "[parameters('adminPassword')]"
            },
            "sqlServiceCreds": {
              "userName": "[concat(parameters('sqlServerServiceAccountUserName'))]",
              "password": "[parameters('sqlServerServiceAccountPassword')]"
            }
          }
        }
      }
    },
    {
      "type": "Microsoft.Compute/virtualMachines/extensions",
      "name": "[concat(variables('sqlNamePrefix'),'0/sql-alwayson')]",
      "apiVersion": "2016-03-30",
      "location": "[resourceGroup().location]",
      "dependsOn": [
        "[resourceId('Microsoft.Compute/virtualMachines/extensions', concat(variables('sqlNamePrefix'), '0'), 'SqlIaasExtension')]"
      ],
      "properties": {
        "publisher": "Microsoft.Powershell",
        "type": "DSC",
        "typeHandlerVersion": "2.20",
        "autoUpgradeMinorVersion": true,
        "settings": {
          "configuration": {
            "url": "[concat(parameters('artifactsLocationPrefix'), 'DSC/sql-alwayson.zip')]",
            "script": "sql-alwayson.ps1",
            "function": "sql-primary"
          },
          "configurationArguments": {
            "deploymentPrefix": "[parameters('namePrefix')]",
            "domainName": "[parameters('domainName')]",
            "SqlAlwaysOnAvailabilityGroupListenerIp": "[parameters('sqlLBIPAddress')]",
            "bacpacUri": "https://github.com/AvyanConsultingCorp/pci-paas-webapp-ase-sqldb-appgateway-keyvault-oms/raw/master/artifacts/ContosoPayments.bacpac"
          }
        },
        "protectedSettings": {
          "configurationArguments": {
            "witnessAccount": {
              "userName": "[variables('sqlWitnessStorageAccountName')]",
              "password": "[listKeys(resourceId('Microsoft.Storage/storageAccounts',concat(variables('sqlWitnessStorageAccountName'))), '2016-01-01').keys[0].value]"
            },
            "adminCreds": {
              "userName": "[parameters('adminUsername')]",
              "password": "[parameters('adminPassword')]"
            },
            "sqlServiceCreds": {
              "userName": "[concat(parameters('sqlServerServiceAccountUserName'))]",
              "password": "[parameters('sqlServerServiceAccountPassword')]"
            }
          }
        }
      }
    }
  ],
  "outputs": {}
}
