{
    "$schema": "https://schema.management.azure.com/schemas/2015-01-01/deploymentParameters.json#",
    "contentVersion": "1.0.0.0",
  "parameters": {
    "namePrefix": {
      "value": "sql"
    },
    "domainName": {
      "value": "testdomain.com"
    },
    "adminUsername": {
      "value": "vmadmin"
    },
    "adminPassword": {
      "value": "1amCl0ud1amCl0ud"
    },
    "sqlServerServiceAccountUserName": {
      "value": "sqladmin"
    },
    "sqlServerServiceAccountPassword": {
      "value": "1amCl0ud1amCl0ud"
    },
    "sqlVMSize": {
      "value": "Standard_DS2_v2"
    },
    "sqlWitnessVMSize": {
      "value": "Standard_DS2_v2"
    },
    "existingVirtualNetworkRGName": {
      "value": "AzureResourceGroup1"
    },
    "existingVirtualNetworkName": {
      "value": "MS-DEV111-NEU"
    }
  }
}
